文案内容,标签
"这张图片曾在互联网热门一时，吴小姐较为奇怪的长相，再搭配“他们想要强奸我”这样的字幕，引来不少网友嘲笑，更是用来嘲讽外貌及下三路的攻击。同一时间该图片也被安排上了各种情节。最广为流传的是这张图，网民将左上角广州新闻的台标P成了央视新闻，显示吴小姐说，昨晚有人拿刀闯进我房间想强奸我，我说不要伤害我，温柔点。但我一开灯他就跑了，连刀也不要了。还有另一个版本则是P成湖南台的台标，显示楼上禽兽每次只有三秒，一百块都不给等字样。甚至有网民P成以下文字，五个色狼要强J我，幸亏我机智，他们一个也没有逃脱我的魔掌等等。当年所搭配的文案可谓是五花八门，但基本都与两性关系有关。之后还涌现出许多恶搞的梗图，无数网民将这张图用作针对某某明星名人或者自己相识之人的恶搞图，比如说故意给图片p上字幕和人名，变成某某某当时要强奸我，我一度誓死抵抗，我终究没能逃脱他魔掌，怀了他的孩子。还有的人发出另一张相似的男生照片，配文称两人有夫妻相。如今已经过去十余年，但直到现在，这张图还是会时不时出现在一些博文中。但事实上，该图片无论是事件本身，还是女孩的长相都是经过刻意捏造的。发布者不仅歪曲了原事件原台词，还对女孩的外面进行了恶意的P图。原事件出自广州电视台新闻频道的新闻时事评论节目《新闻日日睇》，吴小姐向记者爆料，她和工友被一个朋友追砍，朋友用很长的刀子去砍工友，追问之下得知，吴小姐的前男友有了新女友，她去找前男友索要1000元的青春损失费，带着工友去是为了壮胆，但最终没有拿到钱，两个人还一起被追砍。而目前我们看到的梗图，原图其实是这个样子的，发布者对眼睛嘴巴和鼻孔都进行了P图。当年还有另一张更加丑化的图片也在网络流传。并且所谓的夫妻相图片，从话术和图标方面，不难看出男士的图片也有进行过P图处理。回顾这期事件，由于年代相对较远，更多人会将其当做万恶之源的梗图看待，却忽略了其中存在的暴力、侮辱与造谣。法日报发布的文章中就提到，恶意P图在网络上并不鲜见，大多为针对普通人的恶意P图行为，P图背后还可能伴随着侮辱、造谣等进一步行为。P图往往借助社交平台传播开来，严重者可能发展为针对被P图者的网络暴力。其中还举了几个例子，某博主在网络平台发布女儿生活照片，却被人将照片与动物图像进行恶意拼接，引发网民围观攻击。某大学生将女性同学、好友发在“朋友圈”的照片进行恶意P图并发到色情网站上。以及许先生抓妻子出轨现场的露脸视频被发布在多个社交平台，发布者将视频中的许先生P上绿帽，导致许先生遭受了许多语言攻击等。过去恶意P图可能还需要借助Photoshop等软件进行专门加工，现在借助人工智能，能够在短时间内生成大量“精致”的P图，这也意味着制造虚假信息、诋毁信息的成本更低。但受访专家都认为从现实情况来看，治理恶意P图行为存在一定难度。一方面，相关平台可能对于什么样的P图构成恶意P图的审核标准不明确；另一方面，部分恶意P图行为甚至成为网络黑灰产的一部分，并与网络谣言、网络暴力等违法犯罪行为结合，形成更为复杂的犯罪产业链。另外。识别恶意P图行为需要一定的技术手段和专业知识，追踪和定位P图者也需要耗费大量的时间和资源。","被骂"
"近期，大量网民在转发这两张图，并声称俄罗斯政府为了吸引更多外国人去俄罗斯定居，在上周出台了一个新签证，叫做共同价值观签证，宣布了47个共同价值观国家和地区，包括几乎所有欧美英发达国家以及韩国、日本、新加坡和中国台湾。甚至连乌克兰都包含在内，但就是没有中国。于是，有不少网民开始阴阳怪气，但查询后发现，所谓的共同价值观签证与网民的理解有较大偏差。这份名单实际上是俄罗斯认为的与其价值观敌对的国家和地区。8月份，俄罗斯总统普京签署了一项法令，允许外国公民和无国籍人士在拥有传统的俄罗斯精神和道德价值观的情况下，申请在该国的临时居留权。该法令规定，那些在本国反对破坏性新自由主义意识形态议程的人，可以通过申请临时居留许可向俄罗斯当局寻求人道主义支持。他还要求政府在30天内列出莫斯科认为追求破坏性新自由主义议程的国家名单。报道中称，俄罗斯越来越多的寻求吸引保守的西方人到该国，将俄罗斯定位为与他们所描绘的道德颓废的西方的传统对立面。去年5月就宣布在莫斯科郊外为保守的美国侨民建立一个移民村。9月20日。俄罗斯政府发布了一份价值观与俄罗斯敌对的47个国家和地区名单，也就是我们目前所看到的这份俄政府文件指出，这些国家和地区实施了强行推动以破坏性新自由主义意识形态为指导方针的政策，这有悖于俄罗斯传统的精神和道德价值观。随着文件的发布和生效，名单上的国家、地区民众也可向俄方提出相关人道支持申请。而如今网上流传的这篇文章，但其实只要翻译看一下原文就能察觉端倪，里面解释了为什么要将日本和韩国纳入名单。原文描述为，俄罗斯将韩国和日本视为西方大国结构中的坚定盟友，或者如有些人所说是附属国。名单上还包括密克罗尼西亚等较小的国家，这是因为其与美国的军事利益联系在一起。美国正在这些岛屿上建设新的额外的军事基地。简单总结，共同价值观签证专门用于给这些敌对国家地区中的某些人群提供便利，以便他们前往俄罗斯寻求庇护。该列表根本就不是被歪曲理解的友好名单。另外，大多数上榜的国家和地区其实在之前已被俄方列入不友好名单。俄罗斯于2021年开始发布不友好国家地区名单，首先纳入美国和捷克。俄乌冲突爆发后，这份名单多次扩大并更新。目前该名单包括46个国家和地区，所有欧盟成员国以及乌克兰、日本、韩国、澳大利亚和中国台湾均被列入其中。",被骂"
"近日，有网友发布了这样的内容，显示建国大业的主演中21人是外国国籍。众所周知，电影建国大业是庆祝中华人民共和国成立60周年的献礼片，此类文字的发布自然引发了一系列争议。但搜索发现，所谓的建国大业演员国籍表在网络流传已超过10年，但这张图其实存在大量的杜撰内容严重失真。那今天我们一起看看其中的谣言及谣言的产生过程。建国大业2009年9月16日在中国大陆地区上映，但就在上映的前一月8月11日，一份关于该片演员国籍的名单在网上流传，名为本片由国际友人联合演出的帖子中，发帖人列出了21位已经更改了国籍的明星，具体人员就是我们目前看到的这张图片。但当年流传更广的版本其实是一份27人的名单，将中国香港的6名演员也囊括在内。我们目前也能在各大媒体当年的报道中看到这份名单。那么最主要的一个问题，这份名单上有相当一部分人员其实并没有参演建国大业，属于发帖人自行杜撰。根据建国大业的演职人员名单可知，刘亦菲、陈冲、顾长卫、蒋文丽、王基、童安格、蒋大为、陈明、张铁、林维维、沈小岑、苏锦、斯琴高娃、胡兵等人并未参演。也就是说，在这份27人的名单中，真正参演电影的只有我圈起来的这9人，除去中国香港籍的章子怡和胡军，那么在剩下的这7人中，又有多少人是明确的外籍人士呢？首先，名单中称宁静是美国国籍。但多年来，宁静曾多次澄清国籍问题。比如2018年，他在某综艺节目中无奈提及，总是有很多人莫名其妙劝他滚回你自己国家去。他表示，这也太过分了，我什么时候都是中国人呀。20年3月8日，在遭受新一轮的质疑后，宁静再度发文否认改国籍传闻，称背后唯一的祖国是中国，半秒都没变过。3月16日，宁静晒户口本和身份证，再次回应部分网友造谣其改国籍一事，同时配文称，你可以怀疑我的性别，但你不能污蔑我的国籍。其次，关于许晴日本籍，虽然许晴本人进行过多次否认，但仍有不少质疑声。早在2005年，某网站在刊载他的简历，将其国籍错误的标注为日本时，许晴就回应过，从未加入日本国籍，今后也不会加入。06年6月，记者打电话询问国籍问题，其经纪人则称，绝对不可能入什么国籍，也不会入日本国籍。09年8月，盛传许晴是日本国籍的新闻，许晴直斥报道失实日本国籍的事纯属子虚乌有，并且在参加电视节目谈及建国大业的国际风波时，他严肃说道，我不是日本籍，从前不是，现在不是，以后也不是。网上的讹传让他无奈至极，而2016年参加某档综艺节目时，许晴再度否认了加入日本籍的传言。第三，徐帆，加拿大籍。2008年，徐帆对此进行过否认，直言媒体的说法挺搞笑。徐帆和冯小刚是夫妻，冯小刚也有参演建国大业，他们两人的国籍问题是多年的争论话题，更多的关注点集中在美国籍。2022年10月，这样一张照片在网上火了，网友纷纷称徐帆和冯小刚已移民美国。2022年10月31日，冯小刚否认移民，表示这只是8月出来送女儿到美国上学，帮他适应美国生活，顺带聊聊项目合作。但是他的回应并没有遏制传言。随后有网民发帖表示，美移民局证实在6月份收到了来自中国籍人士类似冯小刚夫妇的移民申请，该申请在8月份获批。虽然该帖文并未附上证据，只有这样一张图片，但众多网友依旧深信不疑。2023年4月11日，冯小刚再度公开回应移民美国传闻，称完全没有无中生有，自己就生活在北京，出国的人多了，不管出去玩、工作还是送孩子读书，都可以被称为移民，那这得移出去多少人？而在这之后，又传出了冯小刚病危，徐帆崩溃的信息。24年3月，冯小刚在节目中再度回应传言，表示不存在所谓的病危情况，自己更加不会移民美国。并称这些言论对家庭和个人造成了巨大的困扰，呼吁大众保持理性。第4，同样争议很多的还有陈凯歌。建国大业国际事件爆发后，09年8月29日，在第13届华表奖颁奖典礼上，陈凯歌上台领取优秀导演奖时回应道，不会加入外国籍，也从来没有加入过外国籍。而据当年陈凯歌的发言人黄斌所说，陈凯歌拿到的是美国绿卡，而非持美国护照，绿卡不同于改变国籍。综合来看，在这份27人的名单中，出演了建国大业且明确是外国国籍的只有两人，新加坡籍的李连杰和美国籍的邬君梅。而在未出演的人员中，也有被误认为外国国籍的，比如说胡斌，20多年来，他一直被传已加入泰国国籍，但早在2000年，胡斌就对此予以否认。11年的采访中，胡斌再度否认拥有泰国国籍。21年10月2日，胡斌公开晒出自己的护照配文，称30年换了28本护照，每一本都是中国护照，从未变更过。而在其他的视频和直播中，胡兵多次展示过护照和身份证，反驳所谓的移民传闻。最后，正是这样一份不完全属实的帖子，在网络上掀起了轩然大波。当年在谷歌，以建国大业和国籍进行搜索，会出现大约30万个网页。无数媒体争相报道所谓的21名外籍演员，却鲜少有人对名单的真伪进行核实，直到现在，还是有不少网民跟风发布。","被骂"
"近期，随着高温天气的持续，有关气象部门不敢报40°C的说法又在网络出现。7月23日，一则有关高铁的视频引发热议，高铁车厢内显示汉口外温48.2°C。发布者配文称，气象局不敢说的话，中国铁路帮你说了。对此，有无数网友留言质疑气象台的测温方式，并再度提起天气预报不敢报40°C的话术。但事实上，上述充斥大量误解言论，且所谓的不敢报40°是每年都会反复提起，也被反复辟谣的谣言。这个谣言的产生与高温价和高温补贴密切相关。某些网民称，40°C以上会有高温补贴，所以天气预报故意压低温度，不敢报就是在给企业节省高温津贴。但这里存在较大漏洞。首先，我国并没有法律上的高温价，虽然一直有学者在推动高温价的设立，但这仍然在论证阶段。目前高温较多，由各地方和单位是具体情况自定。其次，高温津贴也和40°C没有任何关系。根据防暑降温措施管理办法第17条规定，用人单位安排劳动者在35°C以上高温天气从事室外露天作业，以及不能采取有效措施将工作场所温度降低到33°C以下的，应当向劳动者发放高温津贴，并纳入工资总额。因此，高温津贴的发放条件取决于工作环境是否为室外工作环境，温度是否达到35°C。而实际上，真正与40°C有关的规定是，日最高气温达到40°C以上，应当停止当日室外露天作业。而露天工作的作业时间同样也是从35°C以上就有所限制。综合来看，网民给气象局安排的压低温度的动机太过于牵强，若是为了克扣高温津贴，或许更应该将气温卡在35°C。并且最重要的问题是，气象局真的没有预报40°C吗？答案是否定的。高温红色预警信号的标准就是24小时内最高气温升至40°C以上。我们只要稍微动手搜索，就能看到由不同省份在各时段发布的高温红色预警信息。除此之外，还有其他的质疑声，比如有时觉得体感温度比天气预报的温度更热，每年都有网民表示自己在户外测的温度与天气预报不符，进一步引发对气象局压温度的声讨。像是本次事件提到的高铁车厢内所显外温48.2°C，然而这都是源自于某些网友的理解存在误区。实际上，气象部门所发布的气温指的是大自然状态下自由流动的空气温度，是根据世界气象组织wmo统一制定的标准，由气象部门的工作人员通过百叶箱中的温度计所测量的温度。就是图中这种形式，且百叶香虚设在草坪上，离地面1.5米，周围较开阔，无高大建筑、树木等阻挡风或遮挡阳光，这样做是为了尽量减少太阳直接辐射、风速等外界因素的干扰。这张对比图能很好概括网友理解的误区以及实际的测量方式。而百叶箱的设置原则包括各种温度表要放在百叶箱内，百叶箱的颜色是白色的等，这些都是为了保证箱内温度表的数据测量更加准确。其中也牵扯出一个测量标准的关键问题，由于下垫面不同的原因，即使在同一个城市，不同地点的实际温度可能会有所差异。像是树荫下、街边石板的气温都不一样，所以这是选择一个没有干扰的且标准统一的环境就尤为重要。湖北气象就用反问句回应过网友的质疑，气象局是报太阳下的温度还是报树荫下的温度？是报马路上的温度还是报小区里的温度？没有一个标准，环境如何科学预报？并且，不仅我国气象部门要按照w Mo制定的标准观测气温，全球所有国家和地区气温测量均需如此。目的是让世界各地的气温有统一的可比较性。如果没有统一的气温观测标准，不同区域、不同国家按照不同标准去测量，那么全球气温的数据便不统一。那会不会出现预报员故意低报的情况呢？中国气象局介绍，温度预报具有不确定性，不可避免也允许存在一定范围的误差。尽管如此，气象部门对预报员依然有着严格的检验和考评标准。例如，预报温度和实况温度相差超过2°C，即被认定为预报失准。所以，预报员故意高温低报的说法并不存在。而在城市中，当我们拿出温度计测到与天气预报不同的温度时，也是正常现响不同的下垫面、周围建筑布局、车辆尾气排放等都会对环境温度产生影响。还有一个概念是物体表面温度。如夏季水泥路、柏油路路面温度常有50°C以上，暴晒后的深色座椅会达60°C以上，而越靠近这些物体表面，环境温度也会越高。因此，水温、低温、车温等都不算标准气温。大家看到车厢内所显示的48°C，排除设备仪器本身问题以外，很可能就是受到了车厢外壳辐射或周边电子设备热辐射的一定影响。而气象局在2019年的辟谣中，也曾附上亲自做的实验结果，7月23日在乌鲁木齐气象站，百叶箱检测温度为34.6°C，树荫下1.5米高度测温是34.1°C，水泥路同样高度则是37°C。至于人体体感温度，除了跟气温密切相关以外，还与地面的热量辐射、风力大小、湿度大小有关。除去上述气象因素外，还与我们每个人个体差异，甚至穿着的衣服材质、颜色等相关。因此，同样的气温，不同的人体感温度是不一样的。最后，总结性来说，天气预报所说的温度指的是剔除各种人为和其他自然因素干扰情况下的自然状态的空气温度。而我们所感受到的温度，是在天气预报温度的基础上，在叠加湿度、风速、日照、衣着甚至心情等多种因素影响下的体感温度。两者有显著的差别，尤其是测温的环境不同，所以并不存在气象部门把温度报低或报错了。","被骂"
"近日，在网上流传这样的图片，一个五口之家，只要一人有份工作，月薪4000多，贫困就拜拜了。许善达为大家算了一笔账，如果一个家庭有5口人，每月保证有4000元的收入，那么这个家庭的月人均可支配收入是800元，每天平均26元多，生活会过得相当不错。于是很多人看完后怒斥专家脱离群众。但是该图片完全属于对原采访的断章取义，并且算账这部分也根本不是许善达的原话。我们先来看一段许善达说这句话的视频。但需要大家注意的是，这段视频虽然在某些平台比较热门，但它并非完整版的访谈，只是被截取其中一个片段广为流传。招一个家庭就一个人稳定就业，工商业就业，这个家庭就消除贫了，成镇以上的打工的或者做生意的，不管你是呃开大公司还是做小买卖，反正是工业、商业要就业了，他的收入已经消除了贫困，因为他们有一个统一数字啊，就是一个农民工的工资是4000多块钱一个月，如果他要能稳定就业，一年就是5万块，家庭人口平均是5个人，那也就1万块，1万块就消除了什么？一个省委书记曾经讲过这个话，他说我当省委书记的时候，我最关注的就是有没有这些农民的家庭，连一个工商剧业都没有，我认为这些家庭是最困难的。这则视频引发很大争议，但许善达的这些话理论上来说并没有问题，因为该话题是贫困，我国2020年对于贫困户脱贫的定义是年收入达到4000元。而这里的相对贫困人口与网民所理解的低收入人群是两个不同的概念。另外，该视频并不完整，按原采访的主题及语境，许善达实际上回答的内容不仅并非网民理解的脱离群众，反而是站在农民的角度探讨该如何消除农民群体的相对贫困。该片段来自财经2021年12月对许善达的专访。在前文就说到，自担任联办财经研究院专家以来，许善达关注农民增收、消除贫困等问题，几年时间里和研究院几十位专家深入企业和农村基层调查研究。而网传内容具体是出自记者对于实现共同富裕中，扩大中等收入群体是重要一环的问题下。在视频所说的内容后面，许善达又接着说到，中国还有2亿人完全从事农业，以种植承包地为主要收入。我们在调查中也了解到，农民种植承包地的收益是非常低的，一亩地一年最多收入1000元左右。一个家庭里仅有一个劳动力，经营10亩地，每年也只有1万元收入，按4口人算，平均每人每年仅仅有2500元的收入，完全无法解决贫困问题。他认为，农民光靠重自己的承包地，一定是相对贫困人口，所以在报告中建议，解决相对贫困，最重要的就是让农民从种植承包地中解放出来，通过各种办法让他们实现工商就业。光靠承包地这种经营方式是不可能达到消除相对贫困的目标的。所以，他们的建议是，要扩大工商就业的岗位，让农村广大低收入者能够从事工商业的就业。要通过各种办法让农民从事工商业就业。至于上文许善达说的报告，则是其与研究院的专家们调研完成的关于消除我国农村相对贫困人口基本实现共同富裕的战略建议的报告。目前，研究院启动了如何合理调节过高收入，基本实现共同富裕的战略建议的研究课题。而事实上，许善达多次提及农民增收问题。在此前的采访中，他说到低收入要提高他们的收入，这是大家的共识，而我们的研究主要是提高低收入群体中更偏低的部分。这些人我们调研主要是在农村，农村还有劳动年龄的农民，他们现在在农村找不到就业机会，我们估计有1亿人，这1亿人如果不能就业，那他们就摆脱不了相对贫困。","被骂"
"近几年，这样的内容被反复提起。1994年前后，中美入世谈判最艰难的时刻，美方突然向中方提出，在全世界都实行双休日的今天，中国必须尊重人权，也给中国人双休日，并把这项作为加入世界贸易组织的条件之一。于是，1995年5月1日，我国开始实行双休制。另外，还有网民说，中国在1986年提出加入GT，遭到反对，原因之一就是不符合国际劳动基准要求。尤其93~94年的国际反对声音最强烈，因为申请加入被拒，1988年才去讨论双休日的必要性。先说结论，上述内容是不准确的，无论是中文还是外文报道，我都没有找到任何资料显示入市谈判中提到了双休日，也并没有查询到中国未能加入GT与双休有关。那么，首先，世贸组织WTO的前身是关税与贸易总协定GP 1986年7月，中国正式提出复关申请。之所以称为副官，是因为早在1948年，中国就是gat的创始国之一，但台湾当局擅自于1950年3月通知联合国秘书长，决定退出。根据中国入世首席谈判代表龙永图的介绍，GTT在1972年曾邀请我国加入，但由于当年的了解不深，所以没有及时恢复在GTT的合法地位。1987年3月，针对中国的副官申请GT成立中国工作组。中国副官谈判分为两个阶段，第一个阶段是对外贸体制进行审议，第二个阶段是实质阶段。进行双边市场准入谈判并起草议定书。光是在审议中国外贸体制这一阶段，就一共提出了4万多个问题。核心问题是中国承诺还是不承诺搞市场经济？1992年10月，中美达成市场准入备忘录，美国承诺坚定支持中国取得关贸总协定缔约方地位。同一时间，中国承诺搞市场经济工作组主席吉拉德宣布结束对中国贸易体制的审议，进入实质性谈判。我们可以看出，在第一阶段的谈判结果是基本顺利的，不存在网民说的因为申请加入被拒，才在1988年讨论双休日。之后的92年和93年可以称为解答问题阶段。进入1994年，主要工作由回答大量问题转入议定书的实质性谈判阶段。在议定书谈判中，缔约方要价和我方承诺的主要焦点集中在以下这12个方面。其中并未涉及双休制相关的任何内容，并根据WTO官网的信息，93年到94年工作组多次会议的讨论结构同样没有提到双休制。1994年下半年，在WTO即将取代GT之前，中国与gatt缔约方进行了密集谈判，希望能够达成协议，成为WTO的创始成员国。但由于谈判立场差距过大，中国副官谈判的最后冲刺未能取得结果。没有成功复官的原因是多方面的。一方面，中国有自己的原则，而西方国家却开出了许多不合理的条件，比如说要求身为发展中国家的中国承担超出其经济承受能力的发达国家的义务。还提前涉及了不属于GAP范围的知识产权、服务贸易、农产品、纺织品等内容，还对中国的指定经营、价格协调、财税政策等提出了要求。这就导致谈判的问题是越谈越多，甚至其中还掺杂着不少政治议题。且当时也存在一些国内本身的问题，比如说国内一些部门一时还难以接受gat的规定。在进一步开放市场问题上存在顾虑，但无论从哪点出发，都没有任何资料显示这与双休日有关。1995年1月1日，WTO取代GATT，我国的副官谈判也转为入世谈判。根据要求，需要与WTO的37个成员开始拉锯式的双边谈判。谈判的焦点即是对外开放市场，谈判难度很大，一是涉及的行业多，包括农业、汽车、钢铁、保险、商业零售等。由于各行各业发展速度不同，基础各异，这就决定开放的条件和速度必须不同。二是谈判对象也是各有各的要求，美国有美国的要求，欧盟有欧盟的利益。对此，中国世界贸易组织研究会副会长霍建国是这样描述的，又要金融开放，又要保险，又要电信，还涉及很多具体商品，有关心稀土的，有关心大豆的，有关心棉花的，有关心糖和化肥的，侧重点都不一样。相比于WTO的其他成员，中国被要求作出的协议承诺更多。在进行多轮谈判后，直到1999年11月15日，中美终于签署双边协议，中国入世谈判才算有了突破。那么问题来了，中国的入世承诺中有双休日这一项吗？答案是否定的。通过对我国商务部发布的中国入世承诺以及世界贸易组织发布的中国入世协议的查阅，都没有发现其中还有双休日条款或是涉及劳工假期的内容。事实上，WTO本身对于各成员国劳工也没有要求，在其官方主页里就有指出，WTO当前规则不对劳工标准做任何限制，世贸组织协议本身并不涉及劳工标准。此外，最早提出双休日提案的政协委员王贤才也发生表述，称其做双休日提案时不知有这种说法，特意上网查询，没有找到相关依据。WTO协议的官方文件上没有见到有关双休日的要求。有些国家和地区成为世贸组织成员时，也并不是实行双休日制的，如亚洲的日本、韩国、印度，还有我国的台湾、香港等。可见，双休日不是加入世贸组织的必备条件，并且，我国的双休制在施行前，其实是经历过重要而细致精准的前期研究工作的。相关研究组的成立比申请副官GT的时间还要早，在1984年就有过指示你将每周工作6天改为5天半。而来到1986年5月，国家科委还专门成立了缩短工时课题组，深入研究每周工作5日的可行性。课题组广泛搜集了国际劳工组织对劳工工作时间的统计资料，逐一分析，针对十几家已经实施5天工作制的企业进行典型调查和案例分析。并且在国内开展大规模抽样调查，还测算了社会服务业的承受力，认为缩短工时将带来第三产业发展。同时征询了大量专家的意见，最终输出了研究成果，关于在我国逐步实行5天工作制的政策建议。之后，研究中心的人员还先试行了5天工作制。1992年，劳动部收集了136个国家的工时情况，发现一周工作40小时是世界主流。最初认为一下子从48小时减至40小时会太猛，于是按44个小时开始酝酿折中方案。1994年3月，中国人迎来了单双周。1995年5月1日五天工作制正式实行。可以说，双休日就是中国政府根据国情和人民需要自主决定和实施的制度，与美国或WTO的要求没有关系。","被骂"
"近期有多位博主发布这张图片，附上你不可能比犯人更有时间和动力等文案。案指网上有些评论是监狱的服刑人员发布的。但这张图片的原图其实来自鄂尔多斯监狱23年9月的文章。为深入开展罪犯职业技能教育，鄂尔多斯监狱开展了网络信息与安全管理员技能培训，成绩合格者将发放职业资格证书。而职业技能培训是监狱加强罪犯教育改造的有效举措，为罪犯刑式就业提供指引和方向。可以说，这张图片与所谓的网络流平毫无关系。但实际上，监狱服刑人员为减刑刷评论的传闻已流传超过10年，包括所谓的监狱通讯员和监狱网评员。在网民所指的含义中，这往往是在特定任务安排下，监狱的罪犯为了谋取减刑，在网络发布评论或是对人谩骂的行为。罪犯们发布的评论还多与国家有关。那么，这些网传内容有多少是真实的呢？首先是监狱通讯员培训相关图片传播广泛，被当做犯人被培训刷评论的铁证。网民由此称，监狱通讯员开会是研究怎么在网上控评。而搜索发现，很多监狱都举办过类似培训，其中有面向罪犯的，也有面向监狱工作人员的。网民的理解其实与事实完全不符。我们先来看看罪犯通讯员究竟都是做些什么的。这张丁山监狱优秀通讯员表彰会的图片流传许久，但真实情况是，丁山监狱的罪犯可以向监狱的新生报投稿。该图的产生就是2016年季度性的监狱新生报优秀通讯报道员评比活动。活动中，民警对表现突出的通讯员进行了表彰，颁发了奖品奖状，并就如何提高文稿质量等知识进行了辅导。那么监狱新生报又是什么呢？很多监狱都会有自己监狱的报纸，用来发表各个监区发生的各种事迹，同样有省级的新生报来发表所在省份各个监狱的各种稿件。新生报的内容基本上全部都是来源于服刑人员的投稿，例如监区内发生的趣事、改造的新声、写给家人的信、散文、诗歌、书法作品等等。有时监狱会通知征集某一类特定的稿件，服刑人员就可以按照征集文章的主题来进行创作。再比如说龙潭监狱的服刑人员通讯员培训会，其中就提到，为明确服刑人员通讯员职责，提高写作水平，调动他们的写稿、投稿的积极性，从而进一步提高监狱电视节目觉醒报办报质量，更好的为服刑人员改造服务。9月11日，龙潭监狱召开了服刑人员通讯员培训会，共有57名服刑人员通讯员参加。到这里，我们就能很明确了解罪犯通讯员的职责。接下来我们再看看监狱针对通讯员的培训，又究竟都培训了些什么。这张曲靖监狱的通讯员培训图片也被网民传播，其中就有提及，具体培训内容是围绕通讯报道、写作技巧、诗歌散文三个板块展开。通讯报道包括什么是新闻？新闻的六要素、新闻的五特性、通讯与消息的区别等。写作技巧则是对记叙文、说明文、议论文、散文的写作要求进行讲解。诗歌散文则针对什么是诗歌，诗歌的特点、散文的产生发展及分类特点进行讲解。通过培训，让服刑人员系统的学习了新闻写作、各种文学题材的知识和写作技巧，对提升服刑人员写作水平起到了极大的促进作用，是监狱统筹推进五大改造新格局的有力举措。对净化服刑人员心灵、提高教育改造质量起到了积极的推动作用。顺便说一句，五大改造指的是政治改造、监管改造、教育改造、文化改造以及劳动改造。综上可看出，监狱通讯员的培训内容与网传并不相符，而网友们理解的发表实时评论，对舆情的掌控，其实更接近于网评员的工作。但我们需要明确的是，网评员这个职位存在于各行各业，具备一定广泛性。比如说很多检察院、法院都有组建网评员队伍，会进行定期培训，目的是对涉法涉诉舆行实时监测，妥善预防和应对重大涉法涉诉舆情。这类评论员针对的都是涉及相应检察机关的网络舆情，并不是说对所有行业或者所有话题都随意发表意见。那监狱网平原的职责是什么呢？又是否如网传所说，有大量犯人在充当监狱网平原以谋求减刑呢？答案是否定的。目前我们看到的监狱网评原培训相关文章，面向的对象其实都是监狱系统的工作人员，并非犯人。早在10多年前开始，这样的一张图片就在流传，云南女子监狱开展通讯员、网络评论员培训班，网民称这是犯人为了减刑在拼命立功。然而，监狱方在2016年发布了辟谣声明，表示开展的通讯员及网络评论员培训班，目的是向监狱在职警察普及监狱新闻宣传相关知识和纪律规定。要求警察客观、真实报道监狱执法工作，并对互联网中对监狱执法有疑问或不理解的情况进行解释和说明。但相关内容却被网友篡改后搬运到各平台，而不实信息近年仍在流传。此外，还有一些网民发布犯人使用电脑的照片，将其当作是犯人在刷评论的证据，甚至还做成了图片合集，但这些都是对原照片的曲解。比如该图实际是贵港监狱的罪犯通过监狱教育专网开展个人自主学习，属于技术培训类的教育改造。而这张也是教育改造电话，教育中心利用电视频道资源，开办了监狱新闻专题栏目，转播中央各省州市电视节目，对服刑人员开展教育活动。各监区按要求组织服刑人员在监舍、教室等场所收拾、学习并完成相关作业等。还有一些则是犯人在电子阅览室的休闲娱乐。比如说东川监狱的电子阅览室，电脑里已经拷贝好了红色电影、扫黑除恶、专项斗争学习视频、纪录片、红歌等影视资源，供罪犯教育学习使用等等。","被骂"
"胖猫事件已出官方通告，但后续争议依旧未能平息，本期就来梳理一下该事件的因果及舆情风波。4月中下旬，一条信息引起了大众的关注，某博主发图文称，自己21岁的弟弟于4月11日在重庆大桥跳江离世，弟弟是一名游戏代练，ID名为胖猫。其生前遭受27岁女友谭卓的PUUA，两年间省吃俭用给女友转账高达51万，但对方却频繁冷暴力并闹分手，胖猫多次尝试挽回无果后跳江身亡。根据胖猫姐姐的控诉及其发布的聊天截图显示，两人通过网络结识在一起后，总共恋爱了2年零五个月，但其中网恋一年半，网恋期间只见过两次面。后因女方不喜欢异地恋，胖猫就离开湖南去往了重庆。但到重庆之后，谭竹不想住在一起，便让他租房。之后半年，为了挣钱给谭竹花，胖猫每天就在自己的出租屋里打单，为了省钱，他每顿外卖都只是10元左右。胖猫多次追问谭竹是否爱自己，并说连家里人都一点钱不给，而自己的全部都可以给弹竹，钱也全部给谭竹花。胖猫还给谭竹办理了亲属卡，但后来又称其拿他的亲属卡给其他人花钱买单，这才解绑了亲属卡。摊主则经常以各种理由要求胖猫赚钱，比如开花店、打疫苗、吃烧烤、买金镯、节日零花钱等，还说出想把你的钱都占有，以后专心花你的钱等言论。胖猫则有求必应，每月自己只花4000元交房租，留下几百元，剩下的都转给摊主。然而，今年4月，两人的感情还是出现了无法磨合的裂痕。聊天记录显示，摊主表示自己累了，不愿再管胖猫的钱，对方每次给钱都让他自己随便花，他不想要，但他非给，然后不开心了，又让自己还回去。他觉得胖猫这么努力赚钱并不是为了他，他一直以工作为重，缺乏对自己陪伴，没有提供情绪价值。谭卓还说，若胖猫觉得为他花了很多钱，要回去部分他也接受，并称不想要胖猫的钱，希望胖猫不要再觉得这么辛苦上班都是为了他。胖猫则道歉称陪谈竹的时间确实太少，自己和家里人也不沟通，本来就是一直没陪你，给你钱也是应该的。以后肯定不发表情包，随便敷衍了。4月9日，谭竹坚定的提出了分手，并表示胖猫一直反思自己的错，这样让他觉得很卑微，但是胖猫已经做的够好了，除了不能提供情绪价值，是一个合格的男朋友。而胖猫的回应依旧是道歉，并称自己不爱说话与家庭有关，从小都是一个人在学校，朋友不多，也没有人关心。4月10日，在尝试挽回无果的情况下，胖猫将6.6万元以注明自愿赠与的形式转给谭竹。4月11日凌晨，胖猫从弹竹的花店下单了780元的鲜花，之后跳江身亡。此外，胖猫姐姐还控诉到，谭竹和胖猫本来约定好5月领证，但看日子快到了，谭竹就开始计划怎么甩掉胖猫，更是指出谭竹其实是女童，在恋爱期间就已经与其他女童奔现，涉嫌出轨骗婚。胖猫在世的时候，坛主都是将其屏蔽的状态，因为经常发钓鱼文案怕被看见。而胖猫离世候，坛主也没有一丝伤感，依旧在发自拍照与身材照。而且只是归还了胖猫最后给他的两笔转账13.6万元。事发后，盘主还选择了回避，一直拒绝沟通。另外，胖猫姐姐表示，自己曾与谭竹及其闺蜜在网上发生争执，对方称谭竹没有骗钱，是胖猫的原生家庭造就了其敏感脆弱的性格，谁跟他提分手都是这样的结果。而且，谭竹约胖猫出去玩时，他总是拒绝给他发消息，总是表情包敷衍，见面就是想睡觉，没有人受得了指责，胖猫家人对谭竹的控诉是在道德绑架。以上是胖猫姐姐这一方面的说法，同时间段，胖猫的妹妹也下场发声立正。坛主一直把胖猫当提款机，表示胖猫是个很好的哥哥，在跳江的前一晚，他还去自己直播间打赏了很多钱。两人感情很好，从小一起长大。爸妈离婚后，他们和外婆外公生活在一起。家里3个小孩都是靠自己的努力攒钱，此事一经曝光，引发了大量网友的同情，纷纷指责坛竹是骗取钱财的捞女，对其大肆批判。5月2日到3日，谈竹账号回应相关传闻，却推翻了胖猫姐姐的大部分说法。其表示，两人经常因为很小的事情吵架，是胖猫单方面对他实施冷暴力。不论是特殊节日或是平时，自己想和胖猫见面都被拒绝。网恋一年半期间，确实如胖猫姐姐所说，他们仅见过2次面，但这两次见面还都是自己主动提出的。胖猫总是以打单很忙，会影响赚钱、流失老板为由，拒绝一起旅游或见面。胖猫到重庆后，两人也的确没住一起，但在他过来之前，自己就已经明确告诉他不接受立刻同居，对方也答应了。结束异地恋后，两人偶尔也会争吵，胖猫虽然没在冷暴力，但每次吵架都是一个表情包就敷衍过去了，对他越来越冷淡。胖猫说努力工作都是为了她，所以经常给他转账。然而一旦爆发争吵，他就会立马让他归还转账，自己也都还过去了。但和好后，胖猫又会把钱重新转给他，如此反复不定。恋爱期间，他对胖猫的态度并不如胖猫姐姐所说的冷淡，他并没有把胖猫丢在出租房半年没管，这期间一直有在休息时间见面，他经常做饭让胖猫来家里吃。但两人根本没有约定5月领证这件事，亲属卡刷钱给朋有用，则是因为设定了默认亲属卡优先付款，付款时没看清才误用了。摊主表示，胖猫给他的转账中包含了共同存取以及店铺之用，手机则是作为生日礼物赠送。他不理解作为恋人，在恋爱期间互相赠送东西有何不妥。此外，两人也分过几次手，但因为胖猫总会做一些偏激的事情，所以每次又复合了。直到最后一次吵架，胖猫说和自己没话说了，一想到未来压力大，根本不好去生活，就决定分手，不再复合。坛主还发布了大量与胖猫发生争吵后与朋友倾诉的聊天截图。同时，坛主否认了胖猫姐姐关于他钓鱼的指责，认为这是无端的造谣。胖猫离世后，他确实发过一张身材图片，那是因为自己悲痛过度，不吃不喝瘦了6斤，小肚子不见了，所以拍下照片。同时，他也晒出自己因心理问题前往神经内科看病的图片。胖猫姐姐还一直换无数号码给他发辱骂短信。摊主表示，胖猫在两年半内总共给自己转账了867470，但其实有522457已退还，所以两年半一共支用的费用是35万。并且4月12日警方就过来了，根据两人消费记录和转账记录，协商退回136000多，双方觉得合理，已经签了和解书。结果第二天胖猫家人收到钱就马上反水，说胖猫给自己花了51万，只字不提和解书和退回13万多。他也否认网传照片及账号系其本人。因为胖猫姐姐一直发没证据的污蔑视频，还对他的隐私进行曝光，他才决定发生自证。而根据其与胖猫父亲的聊天截图显示，胖猫父亲说事情已经发生了，也不想再为儿子去责怪对方，让坛主理解胖猫姐姐失去弟弟的痛苦。摊主表示，这是他第一次意识到互联网的可怕，仅凭部分截图和转账记录就能定罪。5月3日晚，胖猫姐姐发起直播，短短20分钟，观看人数超十万。因打赏人数太多，整个屏幕持续被礼物特效遮挡，引发了网友对姐姐吃人血馒头的质疑，于是其连续两次下播，关闭打赏功能，又重新开播。在直播中，胖猫姐姐呼吁网友不要再往大桥送外卖，并回应了大众对于为何他不联系当事人的质疑，胖猫姐姐表示，自己来重庆第二次了，但谭竹一直拒绝见面沟通，两年前就已经拉黑了他的账号，原因是自己曾在胖猫面前说他的不是。同时指责坛主满嘴谎言，对警方说，胖猫给他的转账只有十几二十万。姐姐还重述了一些胖猫和谈竹的恋爱经过，并称因为每个账号接单陪玩的数量有限制，弟弟注册了36个账号，陪打一盘游戏只挣20块，很辛苦才赚到这些钱，但都给了坛主。除此之外，姐姐还对一些网络谣言进行了辟谣，胖猫为女方花了180万是谣言，实际金额为51万，胖猫打游戏打到吐血的照片是假图，以及个别网民发的与胖猫的聊天截图也是P图等。以上是双方的拉锯战，我们可以得出几个事实，一是胖猫确实有给坛主频繁转账，金额较多，二是在与坛竹的感情生活中，胖猫确实可能不太会提供情绪价值，因为缺乏陪伴，他想到用金钱来弥补。胖猫。姐姐在直播中也回应过关于胖猫冷暴力的争议，其表示胖猫对谁都这样，需要主动找他聊。并且在双方公布的内容中，同样都提到了一点，胖猫的性格敏感且自卑。这与他的家庭存在很大的关系，那么我们就来了解一下胖猫的家庭情况。胖猫父母离婚，与外公外婆一起生活，他初中转学去了长沙，高中又去了广州读书，从小都是一个人在学校，没什么朋友，也没有人关心。而长大后，胖猫和家里人也始终缺乏沟通，他不爱说话，与家庭有关。另有网友发现，胖猫在2022年成为失信被执行人员，但其姐姐回应，这是父母之间的事情。那么，究竟是怎么回事呢？原来，因为父母的关系，胖猫身上有两起涉诉案件，第一起案件是和他母亲一起被诉的民间借贷案，本息共欠款27万。胖猫承担连带担保责任。然而，胖猫主张这份连带责任担悲是在他不知情的情况下，原告使用欺诈手段获得的。但由于无法提供证据证明该事实，且提交的照片能够证明胖猫出具连带责任担悲的时候是明知的，法院并未采取这一主张。所以说，胖猫的家人让胖猫在刚成年时就背债，并成了失信被执行人。而胖猫涉诉第二起案件是和他父亲的撤销权纠纷，原告发现胖猫父亲要把名下财产转移给胖猫本人，这个举动侵害了原告对胖猫的债权，所以诉讼撤销此行为，并申请了对于这套房产的财产保全，故而法院查封了胖猫父亲名下的那套房产。并且有网友统计过，在胖猫与谈主恋爱的2021年开始，胖猫父母涉诉案件就有10余起，涉案金额达上百万。相关内容在裁判文书网均可查询。胖猫父亲的涉诉案件多为卖房，收取购房人房款、车位费、办证费后拖沓几年不过户，金额达几百万元。而胖猫母亲涉诉案件多为民间借贷及公租房骗局，向他人借款、向银行借款不还钱等。公租房骗局多为骗取他人信任，可买到公租房指标收取欠款。此外，其母多次被限高以及成为失信被执行人名单。由此可看出，胖猫的家庭存在很大的问题，就是这种成长环境造就了他自卑敏感的性格，多少影响了他的行为处事。并有网民对此提出几点疑问，胖猫是否在2022年就已经替母亲偿还了27万的欠款呢？他两年间频繁向摊主转钱，是否在规避被法院强制执行的风险？而谈竹的回应中提到过胖猫的原生家庭，但从未提及债务方面。那么在恋爱期间，胖猫又是否向坛主隐瞒了家庭巨额债务的情况呢？这些疑问在通报中并未提及，也无当事人出面回应。目前我们无法得知准确结果，但无疑的是，在这种无法调和的家庭问题中，胖猫是被牵连的受害者。了解胖猫事件的大致背景后，接下来我们盘点一下本次事件出现的几大风波。事件刚发酵时，就迎来了第一个风波，外卖空包。由于胖猫的头像文字是我不要吃菜，我要吃麦当劳，又因为姐姐称奇，平时只吃10块钱的外卖。5月2日晚，网民自发为胖猫悼念，点了上百份的奶茶汉堡，送到重庆长江大桥祭奠。相关话题很快冲上热搜，引爆舆论。然而有网友发现，其中多家连锁餐饮商家面对海量的订单，竟然选择了送空包。比如华莱士发空盒子茶摆到的奶茶杯里装的是自来水等，此时很快掀起波澜，网友骂声一片。面临商誉危机，涉事的多个商家陆续发布道歉声明，并采取了相应的处理措施。而热度持续走高时，网民对胖猫和弹竹真实身份的探究欲也随之高涨。事件由此迎来第二个风波，无数网民开始深挖两位主角的身份及样貌，很快涌现出一大波所谓的胖猫和谈竹，真实照片的帖子各不相同，有的是依照想象来判断，而有的则是直接挪用了网红的图片，使得当事人出面辟谣，一时间各类真假信息杂乱。此外，还出现了多位自称认识两位主角的知情人发声，纷纷发布聊天截图，力正胖猫姐姐所言真实。胖猫前女友玫瑰连发多条博文评论，表示胖猫是很好的人，本人体贴又暖心，自己接受不了对方的离去，同时也反驳了谈竹闺蜜所说的，谁跟他谈都是这个结果。而胖猫姐姐直播时曾提及此账号，称胖猫却有一位浙江的前女友，可推测该账号身份为真。胖猫俱乐部老板则回应网民对游戏代练是否能赚到51万的质疑，称胖猫两年赚50万，千真万确，安排的单子基本零投诉。而自称胖猫房东的网民则称，胖猫的床上连被子都没有，点的都是廉价外卖以及众多游戏玩家发声表示胖猫赚钱很拼命，其称花销比较大，女朋友还准备开店。需要给女友买礼物，准备结婚也需要攒钱，他的钱全部给女朋友了，饭钱都需要别人帮助等等。有人曾劝他，弹竹不是好人，但他听不进去，胖猫甚至打游戏打到吐血，连去医院的钱都没有。跳江之前，善良的他还把未打完的单退了。以上内容无一不凸显出胖猫品性优良，行为节俭，为女友付出一切。但需要明确的是，确实存在真实的知情人，但也出现了不少浑水摸鱼企图蹭流量的造谣者。比如说打游戏打到吐血，这点就被胖猫姐姐直播辟谣。而其他照片的真实性也遭到质疑，出现聊天截图的头像对不上、打字习惯不统一等问题，有大量图片涉嫌P图造谣。与心疼胖猫相反的则是，大众对坛主的批评声音十分尖锐。","被骂"
"11月22日，一则群众用担架抬着办理人到银行，疑似办理业务需本人到场的视频引发了广泛热度。画面显示，在一处银行营业网点，两名群众用担架抬着一名病人进入银行大厅，银行的大厅内则张贴着重庆农村商业银行的标识。11月22日下午，记者拨打了重庆农村商业银行的客服电话，工作人员表示将核实网传视频内容。并称，对于身患疾病或者腿脚不便的老年人，银行是有绿色通道的，家人可以向银行申请，工作人员可以上门为用户办理业务。就在11月23日，视频中的重庆农商行忠县支行相关网点负责人杨先生回应称，其实之前工作人员与客户敖女士的姐姐沟通好了，可以上门服务办理业务，但敖女士的丈夫江先生没及时接听到电话，就把人抬到了分理处。而视频中的当事人江先生告诉记者，我的手机喇叭一直都有点问题，接听电话声音响没听到他姐姐在银行打听到的情况，就还是把老婆抬去了。姜先生表示，网络流传的视频其实源于误会。经了解，客户敖女士想到银行办理社保卡激活业务。由于敖女士身体原因不能自行行走，其姐姐于11月22日早晨到分理处咨询相关情况，分理处的工作人员回复，可以提供上门服务。敖女士姐姐随后致电敖女士的丈夫江先生，但电话没人接听。江先生以为必须妻子亲自去办才行，便直接把敖女士抬到了分理处，但相关手续的证件又没带齐。银行工作人员随后上门为敖女士办理了服务。可以说这就是一则断章取义的新闻，但评论区涌现大量的阴阳怪气。最后我想说，对于某件事的批判需要建立在存在的基础上，若重庆这家银行并无网传的行为，那么批判就变成了单纯的情绪发泄，是没有任何意义的。","未被骂"
"前段时间，我在某个视频底下刷到了这样一张图片，网友们针对这张图片冷嘲热讽，我通过这位老爷子的名字查询到了他的相关事迹。可以说，这些网友们的无端猜忌、自以为是以及阴阳怪气，是对这位老英雄最大的亵渎。老英雄的名字叫张树义，1927年11月出生，于1950年10月参军，1951年2月作为65军193师577团一营三连战士，随部队入朝作战。同年6月，为了固守开城最前沿的高地，张树义所在连队顽强阻敌，112名战士光荣牺牲，仅8人幸存。战后庆功会上，军政委王道邦宣布三连为大功，连荣立集体二等功，张树义立大功，并批准其火线入党。在随后的开城以南扫荡作战中，张树义左大腿中弹负伤，被转送到位于国内安东的后方医院。经过努力保住了左腿，但因伤致残已不能重返战场。而因暂时信息沟通不畅，在1952年4月23日部队医院给张树义签发的回乡转业建设军人登记表上登记为成立小工两次。但张树义不管这些，说道，不能上战场了，那就回家搞建设。回到老家后，张树义曾先后担任村民兵连长、村治保主任和大队长，带领村民成立创业队，在庙沟建起集体果园。不管做什么，他都走在前列。任村大队长时，他甩开膀子，带领群众平整土地，栽种果树。当村里家电欠下10多万元债务时，他又挺身而出，组织带领采掘队为村集体开采金矿。仅用4年时间就还清了全部债务，并为村小学新建了12间教室。张树义有4个儿子，原来都在主村住。上世纪80年代，孩子们成家后，张树义承包了村子的果园，在那里搭建了简易房子，老两口住在里面侍弄和看护果园。1987年，60岁的张树义又开始了新的冲锋，绿化荒山。他承包了120亩荒山，并将家搬进一个叫庙沟的山谷中，在那里植树造林，护林防火。从此，他再也没有回主村居住。就是从那时起，他在两间狭窄的小屋一角挂了一面国旗，每天早起上山前都要向国旗郑重敬礼。30多年过去了，曾经的荒山变得林木繁茂，郁郁葱葱。张树义说道，我是党员，对党和国家有很深的感情。我参加过抗美援朝战争，知道我们现在的幸福生活来之不易。我老了，什么也做不了了，就是想通过每天向国旗敬礼，表达一个老兵对党对国家的感恩之情。2012年和2014年，张树义分别在86岁和88岁的时候，两次志愿自费重返老部队，用自己的亲身经历为官兵献身讲史，激励官兵不忘初心。2014年3月20日，65军193师577团大工三连为老人送上写有战斗英雄精神永驻字样的锦旗。2020年新冠肺炎疫情后，张树义还主动捐款了1000元。此外，张淑毅的大儿子受父亲的影响，报国参军，返乡立业。而四儿子张一春已经和父亲一起干了20多年，这辈子肯定就在庙沟扎下了。他说道，老爷子给我们立下了规矩，谁治山治水就跟谁过。我虽然没当过兵，也要像父亲一样当的战士，不断冲锋。如今，老英雄以96岁高龄，儿孙满堂，成为四代30多人的大家庭，而他依旧住在公路旁向西北蜿蜒的山沟里面，沟里植被茂密，树木众多，空气清新。他说道，我现在吃喝不愁，每年有3万多的优抚和伤残军人补助，乡村照顾还把我们列入低保脱贫户，政府扶助2.8万元危房改造资金，重建成砖木结构的新居，乡政府还给我们这儿解决了用电问题，我真心感谢政府。","未被骂"
"国外某社交平台有博主发帖称，在过去3年中甚至一次都没有感染过新冠，并配上这样一幅图。下面我们一起来看看都有什么精彩的评论吧。我仍然很生气，我成功的避免的新冠2年，然后由于情况我不得不与两个不负责任的新冠患者在同一地区，没有口罩就什么都没有，最终抓住了他。我的秘诀是缺乏社交互动，内向的人救了我的命。我看不起那些以前抓过他的人，他是什么样子的伙计很抱歉打破它，但两者都不是。到疫苗完成批准和分发时，最新的新冠变体已经取代了疫苗用于对抗的变体，唯一可靠的方法是戴好口罩，尽可能呆在家里。我们是一个稀有品种，拥有这种免疫系统的好处很痛，我的时间是地狱，我几乎动不了了。我的身体每天都在出汗，我一直在咳嗽，我只在家里摘口罩，除了我的猫，我不相信任何人。人们看着我奇怪，因为我仍然戴着口罩。但谁在乎呢？我不想抓住那个狗屎，即使他不会杀死我。我的一个朋友抓住了他，他说所有东西闻起来和尝起来都腐烂了几个月，不谢谢，非常幸运，能够远程工作。我在室内公共场所戴口罩，我避开人群，因为我不能与他人保持几英尺的距离。住在纽约市，这有时意味着在户外戴口罩。我老了，胖了，糖尿病患者不想冒险。我很感激我和我的孩子能够保持安全。但现在事情已经重新开放，人们认为新冠镜结束，这是一场斗争。现在孩子们和不戴口罩的人一起回到学校。我的儿子生病了很多，但我们仍然戴着口罩。本期视频到这里结束了，我们下期再见。","未被骂"
"我们今天来看一则离谱道令人有点无语的反转谣言。10月4日，某微博账号发文称其女儿在去年年末自杀离世，原因是在去年5月女儿在地铁上被偷拍裙底，偷拍者用的是鞋底藏摄像头的方式拍摄非常隐蔽。偷拍了裙底后又偷拍脸部，两段视频合在一起发到了非法网站，该视频在非法网站上有80多万的播放量，女儿的男同事看到后为此羞辱骚扰他，女儿忍气吞声，不想把事情闹大。不料，他得寸进尺，联合多个男同事对她性骚扰。女儿报警了，但公司不帮他，还要求他撤案，偷拍的人又难以调查到。最终其无奈自杀，虽然这篇文章并没有附上任何证据，但还是获得了近2万的转发量。之后两天，有不少网友自发性的传播相关内容，同时此人在B站也以为离世的女儿维权为账号名，陆续发布多条视频，并称希望得到大家帮助。然而，就在10月7日晚，迎来了反转，该账号发布了一则道歉视频，称自己其实是抠脚大汉，还转变画风，突然描述起了以下的内容。其表示，自己在非法网站上看到过偷拍女性裙底的视频，很多都是在鞋子装摄像头拍摄的，鞋中藏摄像头本就难发现，难免会误会。导致女性遇到偷拍时选择忍气吞声。他希望能出一些政策，比如抓到偷拍者就没收他的财产，如果出现有男性被误认为偷拍需要补偿的话，就从偷拍者的财产中拿一部分来补。让女性赔偿被误认偷拍的男性不合理。这段话不仅缺乏逻辑性，还丝毫没有提及其造谣的行为，所谓的道歉文章显得避重就轻且毫无诚意。同时，此人也删除了引发热议的博文，并申请注销微博账号，但很快又被人发现他恢复了账户，还跑到别人评论区以第三人称视角演戏表扬自己，说至少他让我们看到了女性遇到偷拍时困境。在网友的追问下，甚至还说出了并不知道学信网是什么的评论。10月8日，此人在微博上发布道歉信，称在一些颜色网站上看到了偷拍视频，有些视频的播放量非常高，让他震惊，感到三观他了。发布谣言的目的是希望大家关注被偷拍的人的困境，不是为了利益，一开始也只是想一点阅读量就删了，最后还说会在几天去所在辖区的派出所投案。10月9日，此人又用B站账号发布口播的道歉信，表示其本人是男性，不存在文中维权的母亲，也没有女儿。并再度表示2天之内会去所在辖区的派出所投案，但他究竟有没有主动投案，目前并没有搜到更多进展。回顾整体事件，发酵和反转的速度都较快，脉络也十分简单，但同样呈现出与其他反转事件相似的特征。首先是无证据转发。这篇原始博文全是碎片式的描述，没有任何证据，甚至连附图都没有，却获得了不低的转发量。但同情心并不能作为事件真假的判定准则，最主要的依据还是看证据，其次是伪装身份。此人没有用自己真实的身份，而是根据谣言的类型选择了更容易引起大众关注和同情的失去女儿的母亲的身份，这样更有利于信息的传播。第3点，此人在其视频中使用了多个社会热点，比如当下最受瞩目的偷拍和诬告，聚焦两性对立，成功引发了骂战，热度更甚。第4点，虽然造谣动机依旧存疑，但此人同样也表达出造谣是为了传播某种观点的思想，并在事后固执的认为，哪怕自己造谣了，至少也是做了宣传的好事。第5点，与大多数造谣者一样，此人法律观念淡薄、无知无畏和对自己的行为后果预估不足。","未被骂"
"今天看到了很气愤的事情，来这里和大家探讨一下吧。有网友在抖音发布了这样一则没有来源，没有任何说明的图片，可以预想到评论区充斥着的阴阳怪气言论。然而这张图片其实发生在2016年的深圳，现在依旧能找到新闻报道。图中的男子当街抢小孩，被小区保安发现，及时将其制服。平时一个个对人贩子喊打喊杀的，怎么现在这种不要脸的账号还将人贩子说成是受欺压的民众了？还有这个某博主发文称，农户在自家院子里打井，却因为挖掘到了地下水被判刑罚。这位博主试图塑造出一位可怜农民的形象。从而挑起大众对警方和国家的不满。他确实做到了，转发区都是咒骂的。然而，这张图的原型是谁呢？是一个臭名昭著的抢劫杀人犯，这个所谓的挖到地下水的水井，正是他抛尸的地方。如果不是有网友扒出了原图，这口锅是不是就这么扣下了呢？稍微有脑子的会通过断章取义发布谣言博文，而有些没脑子的网友一看见被歪曲的图片就开始原地兴奋，哪怕这张图没有任何多余的信息，都会跑在前头冲锋陷阵，而且屡次上当，屡次不改。也不知道是真的脑子不好，还是在装糊涂。","未被骂"
"9月10日，某网民发文称，中国和美国舰载预警机对比简直一模一样，但这是十分低级的谣言。标注有中国字样的这张图片其实是出自外国平台的某位日本网民，而国内网友转载时还故意给机身的关键标志打上了马赛克。实际上，这两张图片都是美国的一二空中预警机，上图型号唯12D，下图型号则是12C。9月上旬，网络流传大量文案，称英国首相呼吁全球废除与沙俄300年内签订的不平等条约，继而引发对相关人物的赞颂。但这其实是流传两年多的谣言，造谣对象从前英国首相约翰逊变成现任英国首相斯塔默。根据有据核查，发布于22年3月14日的文章显示，该谣言产生于当年3月10日之后，与所谓的约翰逊的记者发布会有关。但经核实，约翰逊确实在声明中提及涉及一个乌克兰马歇尔计划，以帮助乌克兰进行战后重建。但是他并未提及废除同俄300年内签订的领土割让不平等条约等内容。9月16日，有网友发视频称江苏无锡遭遇台风天气，但锡山区环卫部门仍然在洒水作业，质疑这是浪费。工作人员介绍，当晚台风过后，路面上全是树叶泥土需要冲洗，并非如网友所说在路上洒水。根据作业流程，冲洗车先将泥土、树枝冲到路边，再由小设备车专门收集清理。而所谓的雨天洒水车洒水的相关争议已经持续数年，官方也曾多次解释这并非多此一举。雨天冲洗是基于安全和清扫保洁两大因素考虑。一方面，在雨天道路两侧污垢丸子基泥兽雨水浸刷转变为泥浆，影响交通安全，此时进行冲洗能消除车辆打滑，行人滑倒隐患。另一方面，晴天在路面的泥土和隔离栏下的尘垢平时很难洗净，但下雨后，经过雨水浸泡，这些丸子变得松软，附着力大幅减弱，清洁效果更好。冲到路边集中，再冲到下水道，可以说起到事半功倍效果。9月中旬，有网民在网络平台发布从2025年1月1日起，桂林市将正式撤销城管局相关消息，但相关信息不属实。该假新闻冒用央视新闻名义，盗用21年8月10日桂林市2021年上半年经济运行情况新闻发布会的新闻图片，编造桂林全市撤销城管局等谣言信息。9月19日，有网民在短视频平台发布河南商丘大量电动车、摩托车被洪水浸泡的短视频。然而，这个视频是国外发生洪灾的视频，并非于国内发生。而事实上，相关片段曾多次被网民使用，也已被多次辟谣。比如说在今年6月份，某网民就发布该视频，并编造称湘潭一场大雨过后。同月，也有网民把视频发生地改在广西，配文，现在我们广西接孩子容易的嘞。7月，又有账号以雨情殉情为由转发该视频，在评论区留言误导网民。该视频发生在河南南阳的新野县。9月20日，网络出现大量上海一外卖骑手劳累过度，雨中休息时被发现猝死等内容。视频显示，一名外卖骑手坐在电瓶车上，身子向后靠。引起了围观。随后路人报警，该骑手经120送医后醒来。实际上，该外卖骑手是昨日熬夜打游戏，有点疲惫，在电动自行车上休息。聚齐自述，由于晚上打游戏打到凌晨四五点，早上10点多又起来工作，所以想着趁这个时间休息一下。大概是睡得太沉，路过的好心人没能叫醒他，就产生了误解，拨打120，把他送到了附近的医院。当日下午，该棋手也通过社交平台再度出镜澄清，称会照顾好自己，并希望大家不要再传播谣言。9月23日，某博主发视频称农民工逃票被击毙真实录像，女儿目睹全过程。然而，这是对旧新闻的造谣，该事件实际上是发生于2015年的庆安火车站事件，此人是徐某与其母亲全某携3名子女去大连金州走亲。徐某在庆安站候车室进站入口处故意封堵通道，并将安检通道的旅客推出候车室外，关闭大门，致使40余名旅客无法进站。徐某不听劝阻，辱骂，并用矿泉水瓶投掷民警。在民警准备将其带到执勤室时，徐某继续对民警辱骂，并用拳头击打。当民警取出防爆棍制服徐某过程中，徐某抢夺防暴棍并拳击民警头部。期间，徐某先将其母向民警方向猛推，后又将自己6岁的女儿举起向民警抛摔，其女儿落地摔伤。危急情况下，民警取出配枪，对徐某口头警告，徐继续用防爆棍抡打民警持枪的手。在多次警告无效的情况下，民警开枪将徐某击中。可以说，这起事件在当年相当轰动，引起了极大讨论，但若干年后却被人用作造谣。9月24日，某网友在社交平台发布图片称，山东无棣县政府人员墙上写有给女婿降的价，让闺女嫁给爱情的标语。政府办公室工作人员回应称，此前就有接到过相应反馈，网上流传的图片是属于捏造P图的。记者将图片识图后发现，相关图片中同样的男女站姿，但是墙壁上的文字更是五花八门。民政局工作人员告诉记者，民政局未发布过上述标语，目前民政的宣传工作内容主要是移风易俗、抵制恶俗婚闹、文明婚姻等内容。9月30日，公安部发布文章，有网民发布视频，内容为扎某某强奸未成年人，二十几名学生已受到查某某的伤害，还未抓到他人，见到请立刻报警。后经查明，信息发布者跟视频中查某某竟是同一人。据查某某供述，其为引流涨粉，以自己照片做背景，并配上文字，捏造自己强奸20多名未成年学生的虚假信息发布于网络。","未被骂"
"2020年，一段这样的视频在网络上流传，四川凉山地区一位名字叫佳佳的小女孩，穿着脏兮兮的衣服，住在破败的房里。在这种生活条件下，他说他的心愿是想上学。于是，视频拍摄者给了女孩钱，让他拿去报名上学，并还提供了生活费。而小女孩不仅家里贫穷，家庭环境也非常悲惨，他从来没见过自己的妈妈，爸爸也去世了。说着，孩子面对镜头痛哭流涕，母亲出走，父亲去世，家里穷的上不起学，这样一个令人心疼的孩童形象被塑造出来。视频拍摄者韩文团队打着扶贫的名号，在视频中不仅为孩子提供生活费，还会前往探望，给孩子送上水果。而这些描述梁山小女孩悲惨经历的视频，让韩文团队获得了难以想象的流量，光是这一条视频就有52万的点赞和3.7万的评论。然而，在2020年年底，名称为天道团队的账号在抖音和皮皮虾等平台对韩文团队的视频公开打假。首先，有相关视频爆出韩文团队对孩子使用了暴力手段，为了让女孩哭出来，他们给孩子滴了眼药水。而眼药水效果不好，就直接动手掐哭孩子，并且所谓的提供给孩子报名上学及生活费的现金也在视频拍摄结束后立马就被收回。就连送给孩子的水果也被证明为是空盒子。2021年3月，民警在工作中发现了天道团队的打假视频，并对此进行了调查。韩文团队的策划人真实姓名赵某某，以前在上海打工，2020年故摄像师组成团队来到梁山，开始做短视频，并在抖音建立专门账号发布传播。赵某某称，如果没有流眼泪的话，我们就用眼药水到孩子眼睛上，这样可以引起更多的社会关注，流量就会更高。为了探查梁山女孩佳佳的悲惨身世是否真实，记者跟随相关部门前往了视频拍摄地，找到了当事女孩阿佳。阿佳的老师接受采访表示，网传视频完全就是炒作。阿佳是有父母的，只是母亲改嫁了，但爸爸一直在他身边。阿佳在父母离异后，与爸爸、继母和奶奶生活在一起。并且梁山从2016年推行一村一幼学前免费教育，不需要花一分钱，阿佳已经在右焦点上了三年学。韩文团队是以拍摄短剧需要表演的名义欺骗了阿佳参与拍摄。而阿家一家也并不住在拍摄时的破烂的土坯房里，这个土坯房是村里早就被废弃的，但却成了韩文团队的拍摄地点。除了梁山女孩家家的内容外，韩文团队其他的视频也存在造假，比如在村里找来一位大爷，从大爷的邻居家抱来一个孩子，在临时借一条狗，就可以编造出大爷为了换生活费想要卖掉孙女的小狗的情节。此外，韩文团队的镜头里还出现过一位带着孩子卖苹果的聋哑妈妈，该视频同样获得了大量的点赞。而视频发布后，韩文团队就开始在直播间销售苹果，并指明都是聋哑妈妈的苹果。网友也相当给力，很快销售量接近2万单。然而天道团队爆出，韩文团队销售的其实是来自成都某供应商的苹果。经过警方调查，韩文团队只在这户人家买了几千斤苹果，但直播销售了几十万斤的苹果，获利达29万元。最后的处理结果是，韩文团队成员接受了行政处罚，被依法行政奉500元，而策划人赵某某被依法行政拘留7日。其实，类似的追拍贫困人民的视频在互联网上有非常多，其中确实有真实的，但肯定也不乏作假夸大的部分。强大的金钱利益驱使着一些人打着帮助底层人民的口号为自己疯狂敛财。但现在也有部分网民很奇怪，首先是他们从来不关注视频是真是假，只要展现出不好的东西，他们就出现了。然后也不会想要如何解决，只是一位在评论区阴阳怪气的输出情绪，甚至还扩大化的攻击那些提出解决方法的人。我也不知道这是一种什么样的现象。好了，本期视频到这里结束了，感谢大家的观看，我们下期再见。","未被骂"
"11月18日，某位博主发布图片，抖音上的自我审查已经加速到冰这个字也不能用了，并称文字是一个族群的文化存在标准之一，对文字的限制就是对文化的自我阉割。该博文引起了众多网友的应和及阴阳怪气，然而只需要稍微动手搜一下，便可以搜到大量官方及自媒体发的包含冰字的视频。为了进一步测试，我刚刚也用抖音号发布了包含冰这个字眼的视频，显示成功发出。11月14日，某博主发文称，三位已移民到德国的巴勒斯坦大学生因在校园生员哈马斯被德国警方遣送回加沙。于是这三位大学生痛哭着请德国政府原谅。同一时间，还涌现出许多文案相似的博文，另一篇帖子中的事发地则变成了法国，并且都给这几位留学生打了码。但是这张原图多年前就在网络流传了，在流传过程中还被安排了别的故事。同样在11月，有博主发布图片显示不解之缘40年，风雨同舟中国情。共和国的朋友美国转发区网友也是各种阴阳怪气，但其实这是央视系列节目共和国的朋友，报道对象并非国家，而是美、英、法、非洲各国一些对华友好人士。美国篇的报道对象为斯蒂芬欧伦斯，视频中也提到，2018年以来，美国挑起贸易战，为中美关系带来不稳定因素。这让伴生智力中美友好的欧伦斯感到担忧，关键时刻，作为中国老朋友的他频频发生。而早在1970年5月，美国政府升级越战，哈佛校园爆发反战抗议，欧伦斯是其中一员。他想学习越南语的时候，教授告诉他，如果想了解亚洲，就去学中文吧。他还表示，除了奇迹之外，想不出更恰当的词来形容中国的变化。中国在外交领域的很多贡献在美国并没有得到广泛宣传报道。整个视频我并没有看到夸赞美国的语言，也不知道为何让这些网民如此兴奋，认为是官方在打脸。并且这张图片年年都会被拿出来在各平台翻炒。","未被骂"